{
   "Raspored rada za voza\u010de od 18.08.2023. do 20.08.2023.": {
      "URL": "https://www.zet.hr/interno/UserDocsImages/tp dubrava/Slu\u017ebe za sve voza\u010de/tpd.pdf"
   },
   "Obavijes": {
      "URL": "https://www.zet.hr/interno/UserDocsImages/tp dubrava/Obavijest/Obavijest.pdf"
   },
   "Izmjene u vozno redu od 16.08. 2023.g.": {
      "URL": "https://www.zet.hr/interno/UserDocsImages/tp dubrava/Obavijest. pog. i inform.- 16. i 17. 8.2023_.pdf"
   },
   "Izmjene u voznom redu od 18.08. 2023.g.": {
      "URL": "https://www.zet.hr/interno/UserDocsImages/tp dubrava/Obavijest. pog. i inform. od 18. do cca. 25.8.2023.pdf"
   }
}