{
   "Raspored rada za voza\u010de od 25.12.2023. do 31.12.2023.": {
      "URL": "https://www.zet.hr/interno/UserDocsImages/tp dubrava/Slu\u017ebe za sve voza\u010de/tpd.pdf",
      "IMAGES_FILE_NAME_PATTERN": "FILE-1_page-",
      "NUM_OF_PAGES": 6
   },
   "Obavijest": {
      "URL": "https://www.zet.hr/interno/UserDocsImages/tp dubrava/Obavijest/Obavijest.pdf",
      "IMAGES_FILE_NAME_PATTERN": "FILE-2_page-",
      "NUM_OF_PAGES": 1
   },
   "Zimski uvjeti u prometu": {
      "URL": "https://www.zet.hr/interno/UserDocsImages/tp dubrava/Obavijest/zimski uvjeti.pdf",
      "IMAGES_FILE_NAME_PATTERN": "FILE-3_page-",
      "NUM_OF_PAGES": 1
   },
   "Advent u Zagrebu 2023.": {
      "URL": "https://www.zet.hr/interno/UserDocsImages/tp dubrava/Obavijest/Obavijest 245 - Advent u Zagrebu 2023.pdf",
      "IMAGES_FILE_NAME_PATTERN": "FILE-4_page-",
      "NUM_OF_PAGES": 1
   }
}