{
   "Raspored rada za voza\u010de od 20.11.2023. do 26.11.2023.": {
      "URL": "https://www.zet.hr/interno/UserDocsImages/tp dubrava/Slu\u017ebe za sve voza\u010de/tpd.pdf",
      "IMAGES_FILE_NAME_PATTERN": "FILE-1_page-",
      "NUM_OF_PAGES": 6
   },
   "Obavijest": {
      "URL": "https://www.zet.hr/interno/UserDocsImages/tp dubrava/Obavijest/Obavijest.pdf",
      "IMAGES_FILE_NAME_PATTERN": "FILE-2_page-",
      "NUM_OF_PAGES": 1
   },
   "U subotu 18.11.2023. od 7:30 do 13 sati bez prometa prema Mihaljevcu": {
      "URL": "https://www.zet.hr/interno/UserDocsImages/tp dubrava/Obavijest/Obavijest 235 - Langov trg.pdf",
      "IMAGES_FILE_NAME_PATTERN": "FILE-3_page-",
      "NUM_OF_PAGES": 1
   },
   "Privremeno izmje\u0161tanje tramvajskog stajali\u0161ta Britanski trg jug": {
      "URL": "https://www.zet.hr/interno/UserDocsImages/tp dubrava/Obavijest/Rukovoditelji TPD. TPT i APP - privremeno izmje\u0161tanje tram. stajali\u0161ta Britanski trg jug.pdf",
      "IMAGES_FILE_NAME_PATTERN": "FILE-4_page-",
      "NUM_OF_PAGES": 1
   }
}